{"cameraMode":{"drawMode":0,"name":"Shaded","section":"Shading Mode"},"sceneLighting":false,"audioPlay":false,"sceneViewState":{"showFog":true,"showMaterialUpdate":false,"showSkybox":false,"showFlares":true,"showImageEffects":true,"showParticleSystems":true},"in2DMode":false,"pivot":{"x":-7.323586940765381,"y":16.761714935302736,"z":-32.27000045776367},"rotation":{"x":0.1653701215982437,"y":0.031950194388628009,"z":-0.005366019904613495,"w":0.9857192039489746},"size":3.7518503665924074,"orthographic":false}