{"cameraMode":{"drawMode":0,"name":"Shaded","section":"Shading Mode"},"sceneLighting":true,"audioPlay":false,"sceneViewState":{"showFog":true,"showMaterialUpdate":false,"showSkybox":false,"showFlares":true,"showImageEffects":true,"showParticleSystems":true},"in2DMode":false,"pivot":{"x":4.038066864013672,"y":-0.2825946807861328,"z":23.711877822875978},"rotation":{"x":-0.05005376785993576,"y":-0.04864392429590225,"z":0.0023560221306979658,"w":-0.9976301193237305},"size":20.102575302124025,"orthographic":false}